[{"id": "8", 
"name": "Rest API", 
"percentage": "93", 
"logo": "logo_langueg/3d-api-web-design-flat-illustration-web-design-isometric-concept-cloud-tec_TNuKiVo.avif"},
 {"id": "7", "name": "MySQL",
  "percentage": "60", 
  "logo": "logo_langueg/mysql_919836.png"}, 
  {"id": "6",
   "name": "JavaScript", 
   "percentage": "17", 
   "logo": "logo_langueg/javascript_919828.png"}, 
   {"id": "5", 
   "name": "HTML", 
   "percentage": "47", 
   "logo": "logo_langueg/html-5_919827.png"},
    {"id": "4", 
    "name": "CSS", 
    "percentage": "23",
     "logo": "logo_langueg/css-3_5968242.png"}, 
     {"id": "3", 
     "name": ""PostgreSQL",
      "percentage": "60", 
      "logo": "logo_langueg/postgre_5968342.png"}, 
      {"id": "2",
       "name": "Django", 
       "percentage": "93", 
       "logo": "logo_langueg/4c4d0914-dd74-4680-bd81-4705100e54e9.png"}, 
       {"id": "1", 
       "name": "Python",
        "percentage": "87", "logo":
         "logo_langueg/python_5968350.png"}]